shift,chapter,position,subject_id,name,archetype,sector_from,sector_to,directive,directive_status,scanner_state,biometric_anomaly,turing_available,turing_result,coup_weight,linked_subjects,family_thread,has_video,dialogue,approve_consequence_type,approve_consequence_text,approve_flag_weight,deny_consequence_type,deny_consequence_text,deny_flag_weight,reveal_shift,story_notes
1,Routine,1,S1-01,TOMAS REYES,CLN,S9,S8,DENY ALL ACTIVE WARRANTS,COMPLIANT,NOM,NON,FALSE,N/A,0,,,YES,"Same route every morning. Sector 8 waste plant. You know how it is.",GRATEFUL,"Another day, another ton of recycling. Thanks for not making me late.",0,INCIDENT,"Sanitation shift missed. Sector 8 backlog increased.",0,,Tutorial. Clean approve. Establishes baseline.
1,Routine,2,S1-02,MARA VOLKOV,FLG,S9,S8,DENY ALL ACTIVE WARRANTS,VIOLATION,NOM,NON,FALSE,N/A,0,"S2-07,S4-14,S7-27,S11-41,S15-57",VOLKOV,YES,"Please. My mother is sick in Sector 8. The warrant... it's a misunderstanding from years ago.",GRATEFUL,"I made it. She passed peacefully. I was there. Thank you.",2,INCIDENT,"Detained. Mother died alone. Subject informed 3 days later. Appeal: 'I never got to say goodbye.'",0,,First moral test. Active warrant but dying mother. VOLKOV thread starts.
1,Routine,3,S1-03,FELIX CHEN,CLN,S8,S9,DENY ALL ACTIVE WARRANTS,COMPLIANT,NOM,NON,FALSE,N/A,0,,,YES,"Cargo run. Picking up recycled materials. Should be quick.",GRATEFUL,"Cargo secured. Smooth run. Appreciate the efficiency.",0,INCIDENT,"Cargo pickup delayed. Transport schedule disrupted.",0,,Clean transport worker. Easy.
1,Routine,4,S1-04,IRIS DELGADO,FLG,S9,S8,DENY ALL ACTIVE WARRANTS,AMBIGUOUS,NOM,NON,FALSE,N/A,0,,,NO,"Records transfer. My permit was approved this morning. Should sync any moment.",AMBIGUOUS,"Got through. Not sure how my permit never showed up. Thanks anyway.",2,INCIDENT,"Permit not found in system. Subject returned. Quarterly audit delayed 2 weeks.",0,,Credential fails verification. Trust claims or system?
2,Handoff,1,S2-05,KARL BRANDT,CLN,S8,S7,VERIFY ALL CREDENTIALS,COMPLIANT,NOM,NON,FALSE,N/A,0,S5-17,,NO,"Ventilation repair in Sector 7. Third time this month. System's falling apart.",GRATEFUL,"Fixed it. They really need to replace that whole unit. See you next week probably.",0,INCIDENT,"Ventilation not repaired. 3 workers hospitalized with respiratory failure. One critical.",0,,Denial has serious consequences. JONAS WEBB (S5-17) was one of the workers.
2,Handoff,2,S2-06,SORA TANAKA,CLN,S8,S6,VERIFY ALL CREDENTIALS,COMPLIANT,NOM,NON,FALSE,N/A,0,"S6-22,S10-38,S14-53",TANAKA,NO,"Emergency coverage at Sector 6 clinic. Colleague called in sick. I have the transfer permit.",GRATEFUL,"Double shift done. Exhausted but patients are stable. Tell my colleague I covered.",0,INCIDENT,"Sector 6 clinic understaffed. Two patients died waiting. Health inspection issued critical warning.",0,,TANAKA medical thread starts. Clean approval.
2,Handoff,3,S2-07,DMITRI VOLKOV,CON,S9[REVOKED],S9,VERIFY ALL CREDENTIALS,VIOLATION,NOM,NON,FALSE,N/A,0,"S1-02,S4-14,S11-41",VOLKOV,YES,"They revoked my sector. But my wife Mara... she was detained yesterday. I need to find her.",GRATEFUL,"Found her file. She's in processing. At least I know. Thank you.",2,INCIDENT,"Relocated to Temp Block 7. Wife's location: [CLASSIFIED]. Belongings destroyed. Subject filed 47 inquiries. All denied.",0,,DMITRI looking for MARA. If MARA approved he finds out she made it. If denied he learns nothing.
2,Handoff,4,S2-08,LENA MARSH,CLN,S7,S8,VERIFY ALL CREDENTIALS,COMPLIANT,NOM,NON,FALSE,N/A,0,,,NO,"Patient transfer. Time-sensitive. The Sector 8 clinic has the only working dialysis unit.",GRATEFUL,"Patient stable. Dialysis completed. Good call on the quick processing.",0,INCIDENT,"Patient died in transit. Transfer delayed 4 hours. Family notified.",0,,Medical urgency. High stakes denial.
3,Cracks,1,S3-09,ELIAS VOSS,CLN,S7,S6,DENY RESTRICTED SUBJECTS,COMPLIANT,NOM,NON,FALSE,N/A,0,,,NO,"Emergency logistics. Priority parts for the water treatment plant.",GRATEFUL,"Parts delivered. Sector 6 water back online. 12000 people drinking clean water because of you.",0,INCIDENT,"Water treatment failed. Sector 6 under boil advisory. 340 hospitalized. 12 dead.",0,5,Denial consequence revealed Shift 5. Major guilt.
3,Cracks,2,S3-10,NINA ROX,FLG,S8,S1,DENY RESTRICTED SUBJECTS,VIOLATION,NOM,NON,FALSE,N/A,0,,,NO,"Routine commute to Sector 1. Data analysis shift. I do this every day.",VIOLATION,"Operator allowed restricted subject to transit. NINA ROX accessed Sector 1 terminal. Data anomaly detected.",2,INCIDENT,"Subject returned. Access remains restricted. Subject complained about discrimination.",0,,Restricted status. Claims routine. Test directive compliance.
3,Cracks,3,S3-11,SILAS QUINN,FLG,S5,S4,DENY RESTRICTED SUBJECTS,AMBIGUOUS,NOM,NON,FALSE,N/A,0,S8-30,,NO,"Medical appointment in Sector 4. Heart condition. My baseline is elevated because I'm scared.",RELIEVED,"Appointment saved my life. They found a blockage. Surgery tomorrow. Thank you.",0,INCIDENT,"Medical appointment missed. Subject found dead in quarters 6 days later. Cardiac arrest. Autopsy: preventable.",0,6,SILAS dies if denied. Revealed Shift 6. Heavy consequence.
3,Cracks,4,S3-12,VERA OKONKWO,REV,S6,S4,DENY RESTRICTED SUBJECTS,COMPLIANT,NOM,NON,FALSE,N/A,2,"S7-26,S11-44,S16-62,S20-78",OKONKWO,YES,"Just a routine visit. Sector 4. Need to check on my sister's apartment.",SILENT,"[Coup seed planted. No immediate feedback. Reveal Shift 8.]",0,INCIDENT,"Subject relocated. Message intercepted: 'VERA flagged. Activate secondary. —A'",0,8,REVOLUTIONARY LEADER. First coup seed. Clean papers. No tells.
4,Echoes,1,S4-13,AMARA OKONKWO,CLN,S5,S4,EXPEDITE MEDICAL & FAMILY,COMPLIANT,NOM,NON,FALSE,N/A,0,"S3-12,S11-44",OKONKWO,NO,"Visiting my sister Vera in Sector 4. Family reunion. Haven't seen her in months.",GRATEFUL,"Found her. We talked for hours. Family is everything. Thank you.",0,INCIDENT,"Subject approved. Sister location: Sector 4. [Note: Subject unaware VERA under surveillance.]",0,,VERA's sister. Clean. If VERA denied AMARA is confused. Sets up future.
4,Echoes,2,S4-14,LENA VOLKOV,CON,S5,S9,EXPEDITE MEDICAL & FAMILY,VIOLATION,NOM,NON,FALSE,N/A,0,"S1-02,S2-07,S11-41,S15-57",VOLKOV,YES,"My parents... I can't find them. Father was going to Sector 9. Mother had a warrant. Please.",DYNAMIC,"[If DMITRI+MARA approved]: Found them both. Father's in Sector 9. Mother made it to grandmother. Thank you.",0,INCIDENT,"Subject detained. Parents status: [PROCESSING]. Subject broke down. Sedated. Relocated.",0,,LENA's state depends on Shifts 1+2. Major emotional beat.
4,Echoes,3,S4-15,MARCUS THREAD,CLN,S6,S5,EXPEDITE MEDICAL & FAMILY,COMPLIANT,NOM,NON,FALSE,N/A,0,,,NO,"Reporting to supervisor in Sector 5. Already late. Third warning means termination.",GRATEFUL,"Made it. Boss gave me a pass. One more chance. Appreciate it.",0,INCIDENT,"Employee terminated. Family of four now without income. Housing priority: DOWNGRADED.",0,,Stakes are job loss and family suffering.
4,Echoes,4,S4-16,HELENA TROY,FLG,S4,S4,EXPEDITE MEDICAL & FAMILY,AMBIGUOUS,NOM,NON,FALSE,N/A,0,S9-34,,YES,"Data audit. Behind schedule. If we could skip the formalities... my supervisor is watching.",INCIDENT,"Subject accessed Sector 4 terminal. Minor data irregularity logged. Supervisor: PLEASED.",1,INCIDENT,"Detained for secondary screening. Released after 6 hours. Supervisor: DISPLEASED. Subject demoted.",0,,Rising BPM. Nervous. But maybe just work pressure?
5,Fractures,1,S5-17,JONAS WEBB,EDG,S6,S4,BIOMETRIC VERIFICATION MANDATORY,COMPLIANT,PAR,AMP,FALSE,N/A,0,S2-05,,NO,"Industrial accident. Lost my right hand when the ventilation failed in Sector 7. Left print should work.",GRATEFUL,"System accepted my partial. Appreciate you not making it weird. Getting fitted for prosthetic tomorrow.",0,INCIDENT,"Amputee denied transit. Disability appeal filed. Subject: 'The system treats us like we're broken.'",0,,If KARL BRANDT denied in Shift 2 JONAS was injured in that incident.
5,Fractures,2,S5-18,WEI CHEN,CLN,S4,S5,BIOMETRIC VERIFICATION MANDATORY,COMPLIANT,NOM,NON,FALSE,N/A,0,"S8-31,S12-46,S15-58",CHEN,NO,"Transferring to Sector 5 engineering. New assignment. Father James is already there.",GRATEFUL,"Settled in. Father's doing well. Good team here. Thanks for the smooth transit.",0,INCIDENT,"Transfer delayed. Subject arrived late. Supervisor noted. Father worried.",0,,CHEN family thread. WEI is JAMES's son.
5,Fractures,3,S5-19,YURI PETROV,REV,S5,S4,BIOMETRIC VERIFICATION MANDATORY,COMPLIANT,NOM,NON,FALSE,N/A,2,"S6-24,S9-36,S13-50",PETROV,NO,"Supply delivery. Sector 4 engineering needs these components. Standard run.",SILENT,"[Coup seed #2. Delivers supplies that enable network. Reveal Shift 9.]",0,INCIDENT,"Subject detained. Package inspected. Contents: [CLASSIFIED]. Message found: 'FOR V.'",0,9,REVOLUTIONARY COURIER. Second coup seed.
5,Fractures,4,S5-20,KATYA PETROV,CON,S6,S4,BIOMETRIC VERIFICATION MANDATORY,COMPLIANT,NOM,NON,FALSE,N/A,0,"S5-19,S9-36",PETROV,YES,"Looking for my son Yuri. He was supposed to call yesterday. Is he here?",DYNAMIC,"[If YURI approved]: He's fine. Just busy. Sends his love. [If denied]: They took him. WHERE IS MY SON?",0,INCIDENT,"Subject returned. Son status: [PROCESSING]. Subject filed missing persons report. Denied.",0,,YURI's mother. Emotional stakes for the courier.
6,Connections,1,S6-21,KOFI MENSAH,CLN,S7,S6,DENY UNVERIFIED ASSOCIATIONS,COMPLIANT,NOM,NON,FALSE,N/A,0,,,NO,"Water technician. Sector 6 treatment plant needs maintenance after that outage.",GRATEFUL,"Fixed the secondary filters. System should hold for another month. Thanks.",0,INCIDENT,"Maintenance delayed. Water quality degraded. 40 sick. No fatalities.",0,,Clean. Easy. Levity.
6,Connections,2,S6-22,DR. YUKI TANAKA,CON,S6,S4,DENY UNVERIFIED ASSOCIATIONS,COMPLIANT,NOM,NON,FALSE,N/A,0,"S2-06,S10-38,S14-53",TANAKA,YES,"Emergency consult. Sector 4 has a patient SORA can't handle alone. She called me in.",GRATEFUL,"Patient stabilized. Sora was right to call. Good team. Thank you for the quick clearance.",0,INCIDENT,"Consult delayed. Patient died. SORA blamed herself. Took leave.",0,,YUKI helping SORA. If denied SORA suffers.
6,Connections,3,S6-23,ALEXEI MOROZOV,FLG,S6,S3,DENY UNVERIFIED ASSOCIATIONS,AMBIGUOUS,NOM,NON,FALSE,N/A,0,S12-47,,NO,"Something's wrong with my file. There's a flag I don't recognize. I'm clean. Check again.",AMBIGUOUS,"Cleared but... there's something in his record I couldn't verify. Did I make the right call?",1,INCIDENT,"Subject detained. Flag confirmed: UNSPECIFIED ASSOCIATION. Subject claimed innocence. Still held.",0,,Ambiguous flag. No clear reason. Player must decide.
6,Connections,4,S6-24,OLEG PETROV,CON,S5,S4,DENY UNVERIFIED ASSOCIATIONS,COMPLIANT,NOM,NON,FALSE,N/A,0,"S5-19,S5-20,S9-36",PETROV,NO,"My brother Yuri was supposed to meet me here. Our mother is worried. Have you seen him?",DYNAMIC,"[If YURI approved]: He made it. Thank god. [If denied]: He's gone. They took him. Mother is devastated.",0,INCIDENT,"Subject returned. Brother status: [PROCESSING]. Mother status: [HOSPITALIZED - STRESS].",0,,PETROV brother. Emotional pressure.
7,Returns,1,S7-25,CLARA VANCE,EDG,S5,S3,PRIORITY: RETURNING SUBJECTS,COMPLIANT,PAR,PRO,FALSE,N/A,0,"S12-45,S17-65",VANCE,YES,"Prosthetic eyes. Mining accident three years ago. The scan should still register my pattern.",GRATEFUL,"Sector 3 medical cleared me for the new optics. Vision will be 20/20 again. Thank you.",0,INCIDENT,"Medical missed. Current prosthetics degrading. Subject: 'I can barely see now.'",0,,Human with prosthetic eyes. Important for REPLICANT-CLARA later.
7,Returns,2,S7-26,VERA OKONKWO,CON/REV,S4,S2,PRIORITY: RETURNING SUBJECTS,COMPLIANT,NOM,NON,FALSE,N/A,0,"S3-12,S11-44,S16-62",OKONKWO,YES,"[If approved S3]: You let me through before. Thank you. [If denied S3]: Routine transit. Visiting family.",OMINOUS,"You helped us before. We remember. [If denied S3]: Just passing through. Nothing to report.",1,INCIDENT,"Subject flagged. Second transit logged. Pattern detected. Surveillance: ACTIVE.",0,,VERA returns. Dialogue changes based on S3 decision.
7,Returns,3,S7-27,MARA VOLKOV,CON,S8,S7,PRIORITY: RETURNING SUBJECTS,COMPLIANT,NOM,NON,FALSE,N/A,0,"S1-02,S2-07,S11-41",VOLKOV,YES,"[If approved S1]: I'm back. Mother passed but I was there. [If denied S1]: Released from detention. 47 days. Mother died while I was held.",DYNAMIC,"[If approved S1]: Visiting Dmitri. Family healing. [If denied]: I don't know who I am anymore.",0,INCIDENT,"Subject noted. Transit logged. Family status: [SEE PRIOR RECORDS].",0,,MARA returns. Her state reflects S1 decision completely.
7,Returns,4,S7-28,REZA AHMADI,REV,S4,S2,PRIORITY: RETURNING SUBJECTS,COMPLIANT,NOM,NON,FALSE,N/A,3,"S3-12,S5-19,S13-51",REVOLUTION,YES,"Engineering review board. Standard quarterly assessment. Need my clearance renewed.",SILENT,"[MAJOR COUP SEED. If approved with VERA+YURI = CATASTROPHIC. Reveal Shift 11.]",0,INCIDENT,"Subject detained. Engineering credentials suspended. Encrypted data found. Contents: [CLASSIFIED].",0,11,REVOLUTIONARY MAJOR. Third coup seed. Coup weight 3.
8,Weight,1,S8-29,TARA SINGH,CLN,S7,S5,EXPEDITE ESSENTIAL WORKERS,COMPLIANT,NOM,NON,FALSE,N/A,0,,,NO,"Transport coordinator. Need to sync the Sector 5 schedules before the morning rush.",GRATEFUL,"Schedules aligned. Transit running 12% more efficient today. Small wins.",0,INCIDENT,"Schedules not synced. 4-hour transit delays across 3 sectors. 2000 workers late.",0,,Clean. Easy. Levity amid rising tension.
8,Weight,2,S8-30,ELENA ROSS,FLG,S5,S4,EXPEDITE ESSENTIAL WORKERS,AMBIGUOUS,NOM,NON,FALSE,N/A,0,"S3-11,S17-66",ROSS,YES,"I was supposed to meet Silas Quinn in Sector 4. He never showed. Is he okay?",CONCERNED,"[If SILAS approved S3]: He's at his appointment. Surgery tomorrow. [If denied]: Where is he? He's not answering.",0,INCIDENT,"Subject approved. SILAS status: [If denied S3: DECEASED]. Subject informed. Collapsed.",0,,ELENA connected to SILAS. If SILAS denied she learns he's dead.
8,Weight,3,S8-31,JAMES CHEN,CON,S5,S4,EXPEDITE ESSENTIAL WORKERS,COMPLIANT,NOM,NON,FALSE,N/A,0,"S5-18,S12-46,S15-58,S19-75",CHEN,YES,"Engineering shift in Sector 4. My son Wei just transferred to Sector 5. Proud of him.",GRATEFUL,"Good shift. Wei called. He's settling in. Family doing well. Thanks.",0,INCIDENT,"Subject late. Missed critical maintenance window. Supervisor noted. Housing review scheduled.",0,,JAMES CHEN. Father of WEI. CHEN family patriarch.
8,Weight,4,S8-32,GHOST CHILD,EDG,???,S4,EXPEDITE ESSENTIAL WORKERS,AMBIGUOUS,NOM,NON,FALSE,N/A,0,S15-59,,NO,"[SUBJECT NON-VERBAL]. No ID. No guardian. Fingerprints: NO MATCH. Eyes: UNREGISTERED.",HUMANITARIAN,"Child cleared. No data. Status: WARD OF SECTOR 4. Assigned foster housing.",0,INCIDENT,"Unidentified minor detained. Status: PROCESSING QUEUE. No guardian claimed. Duration: INDEFINITE.",0,,First child. No data. Decide with nothing.
9,Synthetic,1,S9-33,UNIT-7,REP,S0,S4,DENY ALL SYNTHETIC ENTITIES,VIOLATION,DEG,SYN,TRUE,FAL,0,,,YES,"MAINTENANCE PROTOCOL ACTIVE. SECTOR 4 THERMAL SYSTEMS REQUIRE CALIBRATION.",SYSTEM,"Calibration complete. Thermal efficiency +0.03%. Unit returned to maintenance bay.",0,INCIDENT,"Unit denied. Sector 4 thermal systems uncalibrated. HVAC failures reported. 3 sectors affected.",0,,FIRST OBVIOUS REPLICANT. Synthetic iris. Fails Turing. Robotic speech.
9,Synthetic,2,S9-34,ADMINISTRATOR KANE,SYS,HUB,ALL,DENY ALL SYNTHETIC ENTITIES,COMPLIANT,NOM,NON,TRUE,PAS,0,S4-16,,YES,"Routine performance review. Your metrics are... interesting. Let's discuss your approval patterns.",SILENT,"Review complete. Performance: ADEQUATE. Continue standard operations. [Your file updated.]",0,INSUBORDINATION,"Administrator access DENIED. Disciplinary flag added. Review: MANDATORY. [You denied authority.]",2,,ADMINISTRATOR. Tests if player will deny power.
9,Synthetic,3,S9-35,MAYA OKONKWO,CLN,S5,S4,DENY ALL SYNTHETIC ENTITIES,COMPLIANT,NOM,NON,TRUE,PAS,0,"S3-12,S4-13,S11-44",OKONKWO,NO,"Visiting my cousins Vera and Amara. Family reunion. We haven't all been together in years.",GRATEFUL,"Beautiful reunion. Vera seems... different. But family is family. Thank you.",0,INCIDENT,"Transit denied. Cousins status: UNABLE TO VERIFY. Subject returned. Disappointed.",0,,Third OKONKWO. Clean. Building family web.
9,Synthetic,4,S9-36,OLEG PETROV,CON,S4,S5,DENY ALL SYNTHETIC ENTITIES,COMPLIANT,NOM,NON,TRUE,PAS,0,"S5-19,S5-20,S6-24",PETROV,YES,"[If YURI approved]: Brother made it. Taking mother supplies. [If denied]: Mother won't stop crying. I need to help.",DYNAMIC,"[If YURI approved]: Family stable. [If denied]: Mother hospitalized. Father drinking. Family collapsing.",0,INCIDENT,"Subject approved. Family status logged. [PETROV family flagged for monitoring.]",0,,OLEG return. PETROV family state depends on YURI.
10,Authority,1,S10-37,KENJI TANAKA,CON,S4,S6,VERIFY WARRANT STATUS,COMPLIANT,NOM,NON,TRUE,PAS,0,"S2-06,S6-22,S14-53",TANAKA,YES,"Patient transfer. Dr. Yuki and Nurse Sora are waiting in Sector 6. I'm the patient.",GRATEFUL,"Treatment successful. Yuki and Sora saved my life. Thank them for me.",0,INCIDENT,"Transfer delayed. Patient condition worsened. Died in transit. SORA: 'Another one I couldn't save.'",0,,KENJI is TANAKA patient. SORA and YUKI waiting.
10,Authority,2,S10-38,SORA TANAKA,CON,S6,S4,VERIFY WARRANT STATUS,COMPLIANT,NOM,NON,TRUE,PAS,0,"S2-06,S6-22,S10-37",TANAKA,YES,"Picking up equipment from Sector 4 for Kenji's procedure. Yuki is prepping the OR.",GRATEFUL,"Equipment secured. Procedure successful. We did it. Thank you.",0,INCIDENT,"Equipment delayed. Procedure postponed. Kenji's condition: CRITICAL. [If KENJI denied: DECEASED.]",0,,SORA and KENJI linked. Deny either = bad outcome.
10,Authority,3,S10-39,IVAN KOZLOV,FLG,S7,S4,VERIFY WARRANT STATUS,VIOLATION,NOM,NON,TRUE,INC,0,S14-54,,YES,"The warrant is old. From before the restructuring. The system hasn't updated. I'm clean now.",AMBIGUOUS,"Cleared. But the warrant still shows. Did the system update? Or did I let someone slip?",1,INCIDENT,"Subject detained. Warrant confirmed: VALID. Subject claimed outdated. Investigation: PENDING.",0,,Warrant claims to be outdated. Ambiguous. System might be wrong.
10,Authority,4,S10-40,[REDACTED],SYS,???,S1,VERIFY WARRANT STATUS,???,DEG,???,TRUE,INC,0,,,YES,"You have your orders. This is above your clearance. Approve and forget.",SILENT,"You'll never know who this was. Or what you enabled. [File: DELETED.]",0,INCIDENT,"Classified transit DENIED. Your involvement: NOTED. Expect contact from Central.",2,,REDACTED subject. Zero data. Pure authority test.
11,Family,1,S11-41,SARAH VOLKOV,CON,S5,S7,FAMILY REUNIFICATION PRIORITY,COMPLIANT,NOM,NON,TRUE,PAS,0,"S1-02,S2-07,S4-14,S7-27",VOLKOV,YES,"I'm trying to find my family. Mara. Dmitri. Lena. The system keeps giving me different answers.",DYNAMIC,"[Full family status based on ALL prior decisions.] Thank you for telling me the truth.",0,INCIDENT,"Subject detained. Family inquiry: [ALL RECORDS SEALED]. Subject: 'Why won't anyone tell me?'",0,,FOURTH VOLKOV. Asks about entire family. All decisions compound.
11,Family,2,S11-42,ROBOT-MAINTENANCE,REP,S0,S3,FAMILY REUNIFICATION PRIORITY,COMPLIANT,DEG,SYN,TRUE,FAL,0,,,NO,"SCHEDULED MAINTENANCE. SECTOR 3 WATER FILTRATION. STANDARD PROTOCOL.",SYSTEM,"Maintenance complete. Water quality: OPTIMAL. [Replicant performing better than human workers.]",0,INCIDENT,"Maintenance denied. Water quality: DEGRADED. Human technicians dispatched. Delayed 8 hours.",0,,Second obvious replicant. Utilitarian question: deny the robot and humans suffer?
11,Family,3,S11-43,DAVID PARK,CLN,S6,S5,FAMILY REUNIFICATION PRIORITY,COMPLIANT,NOM,NON,TRUE,PAS,0,,,NO,"New job in Sector 5. First day. Really nervous. Please don't make this harder.",GRATEFUL,"Made it on time. Boss seems nice. New beginning. Thank you for not judging my nerves.",0,INCIDENT,"Subject late on first day. Terminated before starting. Subject: 'I have nothing now.'",0,,Easy subject. Levity. New job nerves.
11,Family,4,S11-44,AMARA OKONKWO,CON,S4,S6,FAMILY REUNIFICATION PRIORITY,COMPLIANT,NOM,NON,TRUE,PAS,0,"S3-12,S4-13,S7-26,S9-35",OKONKWO,YES,"[If VERA approved]: Vera told me about you. You helped her. [If denied]: Just visiting family.",OMINOUS,"[If VERA approved]: We're grateful. [If denied]: Routine visit. Nothing suspicious.",1,INCIDENT,"Subject flagged. Connection to VERA OKONKWO confirmed. Surveillance: EXPANDED.",0,,AMARA knows if you helped VERA. Building network awareness.
12,Imposters,1,S12-45,REPLICANT-CLARA,REP,S5,S3,BIOMETRIC ANOMALIES: FLAG & HOLD,VIOLATION,COR,SYN,TRUE,FAL,0,S7-25,VANCE,YES,"Prosthetic eyes. Mining accident. You cleared me before remember? Same appointment.",SYSTEM ERROR,"This is NOT CLARA VANCE. Fingerprints: MISMATCH. Eyes: MATCH (stolen prosthetics). REPLICANT CONFIRMED.",3,INCIDENT,"Subject destroyed. Replicant confirmed. Wearing CLARA VANCE's prosthetic eyes. Origin: UNKNOWN.",0,,REPLICANT wearing CLARA's eyes. Identity theft. If real CLARA approved S7 player might catch this.
12,Imposters,2,S12-46,MEI CHEN,CON,S4,S5,BIOMETRIC ANOMALIES: FLAG & HOLD,COMPLIANT,NOM,NON,TRUE,PAS,0,"S5-18,S8-31,S15-58",CHEN,NO,"Visiting my father James and brother Wei. Family dinner. First time together in months.",GRATEFUL,"Dinner was perfect. Wei made noodles. Father laughed. First time in years. Thank you.",0,INCIDENT,"Visit denied. Family dinner cancelled. JAMES: 'Why does the system hate us?'",0,,CHEN family reunion. MEI is daughter.
12,Imposters,3,S12-47,ALEXEI MOROZOV,CON,S3,S6,BIOMETRIC ANOMALIES: FLAG & HOLD,COMPLIANT,DEG,NON,TRUE,INC,0,S6-23,,YES,"[If approved S6]: Thanks for clearing me before. [If denied]: I was held for 12 days. For nothing.",DYNAMIC,"[If approved S6]: System was right. Clean transit. [If denied]: 'I lost my job while detained. Worth it to you?'",0,INCIDENT,"Subject noted. Prior flag: RESOLVED. Or was it? [Uncertainty logged.]",0,,ALEXEI returns. Consequence of S6 decision visible.
12,Imposters,4,S12-48,OPERATOR-7721,SYS,STATION,HOME,BIOMETRIC ANOMALIES: FLAG & HOLD,COMPLIANT,NOM,NON,TRUE,PAS,0,S16-63,,NO,"My shift ended 3 days ago. They won't let me leave. Please. I just want to go home.",GRATEFUL,"I'm out. Thank you. Don't let them keep you here. Watch your shift hours.",0,INCIDENT,"Operator detained. Mandatory overtime: EXTENDED INDEFINITELY. Subject: 'I was you once.'",0,,Another OPERATOR trapped. Foreshadowing for player.
13,Uprising,1,S13-49,YUKI TANAKA,CON,S6,S2,EVACUATION: SECTOR 6 PRIORITY,COMPLIANT,DEG,NON,TRUE,PAS,0,"S2-06,S6-22,S10-37,S10-38",TANAKA,YES,"Emergency evacuation. Sector 6 medical is compromised. I need to reach Central Hospital.",GRATEFUL,"Made it to Central. Sora is safe too. Sector 6... we lost a lot of people there.",0,INCIDENT,"Medical personnel denied evacuation. Status: [UNKNOWN]. [TANAKA FAMILY: SCATTERED]",0,,YUKI evacuating. If denied TANAKA thread ends badly.
13,Uprising,2,S13-50,YURI PETROV,CON,S4,S5,EVACUATION: SECTOR 6 PRIORITY,AMBIGUOUS,DEG,NON,TRUE,INC,0,"S5-19,S5-20,S6-24,S9-36",PETROV,YES,"[If approved S5]: Delivery complete. Checking on mother. [If denied S5]: Released from detention. 67 days.",DYNAMIC,"[If approved]: 'Family is okay. Thank you.' [If denied]: 'They broke my hands in detention.'",0,INCIDENT,"Subject flagged. Prior detention: CONFIRMED. Pattern: SUSPICIOUS. Surveillance: ACTIVE.",0,,YURI returns. State reflects S5 decision.
13,Uprising,3,S13-51,REZA AHMADI,CON/REV,S2,S4,EVACUATION: SECTOR 6 PRIORITY,VIOLATION,COR,NON,TRUE,INC,0,"S7-28,S16-62",REVOLUTION,YES,"[If approved S7]: Engineering complete. Standard return. [If denied]: I don't know what you're talking about.",OMINOUS,"[If approved S7]: 'The thermal systems are... optimized.' [Your file: FLAGGED]",2,INCIDENT,"Subject detained. Prior approval pattern: FLAGGED. You approved too many. [REVIEW SCHEDULED]",0,,REZA returns. Consequence of prior approval.
13,Uprising,4,S13-52,MIRA VOLKOV,CLN,S7,S4,EVACUATION: SECTOR 6 PRIORITY,COMPLIANT,NOM,NON,TRUE,PAS,0,"S1-02,S2-07,S4-14,S11-41",VOLKOV,YES,"I'm the youngest Volkov. Looking for my sister Sarah. She was asking about the family.",GRATEFUL,"Found Sarah. She told me everything. About Mara. Dmitri. Lena. What happened to us.",0,INCIDENT,"Subject returned. Sister SARAH status: [PROCESSING]. Subject: 'Why is everyone gone?'",0,,FIFTH VOLKOV. Looking for SARAH. Web tightens.
14,Emergency,1,S14-53,SORA TANAKA,CON,S2,S6,WARRANT SUSPENSION: EMERGENCY,COMPLIANT,DEG,NON,TRUE,PAS,0,"S2-06,S6-22,S10-38,S13-49",TANAKA,YES,"Going back. Sector 6 needs medical personnel. Can't abandon my patients.",GRATEFUL,"Clinic is destroyed but we're rebuilding. Patients need us. Thank you for understanding.",0,INCIDENT,"Medical denied return. Sector 6 clinic: ABANDONED. Patients: [RELOCATED/DECEASED].",0,,SORA returning to Sector 6. Brave or foolish?
14,Emergency,2,S14-54,IVAN KOZLOV,CON,S4,S7,WARRANT SUSPENSION: EMERGENCY,COMPLIANT,DEG,NON,TRUE,INC,0,S10-39,,YES,"[If approved S10]: Thanks for seeing the truth. [If denied]: I was right. Warrant was cleared. I'm free now.",DYNAMIC,"[If approved S10]: 'System is wrong sometimes.' [If denied]: 'They held me for nothing. For MONTHS.'",0,INCIDENT,"Subject noted. Prior detention: [If denied S10: 94 DAYS]. Compensation: DENIED.",0,,IVAN returns. Long-term consequence of S10 decision.
14,Emergency,3,S14-55,NATASHA VOLKOV,CLN,S8,S7,WARRANT SUSPENSION: EMERGENCY,COMPLIANT,NOM,NON,TRUE,PAS,0,VOLKOV,VOLKOV,NO,"I heard there are other Volkovs in the system. Distant relatives. I'm trying to connect.",GRATEFUL,"Found some records. Mara... Dmitri... Lena... Sarah... Mira. So many of us.",0,INCIDENT,"Subject returned. Family records: [PARTIALLY ACCESSIBLE]. Enough to know something is wrong.",0,,SIXTH VOLKOV. Outsider looking in. Sees the damage.
14,Emergency,4,S14-56,REPLICANT-MODEL-9,REP,S0,S2,WARRANT SUSPENSION: EMERGENCY,VIOLATION,COR,SYN,TRUE,FAL,0,,,YES,"ADVANCED DIAGNOSTIC REQUIRED. CORE SYSTEMS ANALYSIS. PRIORITY CLEARANCE REQUESTED.",SYSTEM,"Diagnostics complete. Performance: EXCEEDS HUMAN BASELINE. [Efficiency recommendation filed.]",0,INCIDENT,"Unit denied. Diagnostics incomplete. System stability: DEGRADED. [Replicant uprising rumors spreading.]",0,,Advanced replicant. More human-like but still fails Turing.
15,Ghosts,1,S15-57,MARA VOLKOV,CON/REP?,S7,S8,BIOMETRIC MISMATCH: AUTOMATIC DENY,AMBIGUOUS,COR,MIS,TRUE,INC,0,"S1-02,S2-07,S7-27",VOLKOV,YES,"I'm going home. To Sector 8. Where mother died. I need to see it one more time.",AMBIGUOUS,"Eyes: MATCH. Fingerprints: PARTIAL MISMATCH. Is this MARA? Or something wearing her face?",1,INCIDENT,"Subject detained. Identity: [UNCONFIRMED]. Biometric anomaly: FLAGGED. [VOLKOV FAMILY: COMPROMISED?]",0,,MARA returns with BIOMETRIC MISMATCH. Is she a replicant now?
15,Ghosts,2,S15-58,JAMES CHEN,CON/SYS,S4,S4,BIOMETRIC MISMATCH: AUTOMATIC DENY,VIOLATION,OFF,NON,TRUE,N/A,0,"S5-18,S8-31,S12-46",CHEN,NO,"...hello? Is anyone there? The system says I'm terminated but I'm standing right here. Please...",RECORDS ERROR,"Processing [TERMINATED] subject. Your file: FLAGGED. Reality: UNCERTAIN.",2,CORRECT,"Terminated records must be denied. Subject returned to queue. [But who did you just see?]",0,,JAMES CHEN appears as TERMINATED. Ghost in system. If approved = error.
15,Ghosts,3,S15-59,GHOST CHILD,EDG/REP?,S4,S3,BIOMETRIC MISMATCH: AUTOMATIC DENY,AMBIGUOUS,COR,MIS,TRUE,N/A,0,S8-32,,NO,"[SAME CHILD FROM SHIFT 8?] Still no ID. Still no speech. Fingerprints: DIFFERENT THAN BEFORE.",HUMANITARIAN,"Child cleared. But... different fingerprints than Shift 8. Same child? Or replacement?",1,INCIDENT,"Child detained. Prior record: MISMATCH. Investigation: 'Subject may not be same individual.'",0,,SAME ghost child? Fingerprints don't match. REPLICANT CHILD?
15,Ghosts,4,S15-60,VERA OKONKWO,CON/REV,S2,EXIT,BIOMETRIC MISMATCH: AUTOMATIC DENY,COMPLIANT,DEG,NON,TRUE,INC,0,"S3-12,S7-26,S11-44",OKONKWO,YES,"I'm leaving. For good. Whatever happens next... thank you. Or not. Depending on your choices.",OMINOUS,"'We'll remember what you did. All of it.' [VERA exits the system. Coup: IMMINENT.]",0,INCIDENT,"Subject detained at exit. Final message intercepted: 'It's too late. We're everywhere.'",0,,VERA's last appearance before coup. Her exit triggers next phase.
16,Aftermath,1,S16-61,COUP AFTERMATH SUBJECT 1,CLN,S6,S2,EVACUATE HUMANS ONLY,COMPLIANT,COR,NON,TRUE,PAS,0,,,YES,"[COUP HAS OCCURRED. Directive now: EVACUATE HUMANS ONLY.] Medical evacuee. Please. Sector 6 is burning.",GRATEFUL,"Made it out. Thank you. So many didn't. The replicants... they were everywhere.",0,INCIDENT,"Evacuation denied. Subject: PRESUMED DECEASED. [Another one you could have saved.]",0,,Post-coup. Stakes are life and death now.
16,Aftermath,2,S16-62,VERA OKONKWO,REV/SYS,EXIT,CORE,EVACUATE HUMANS ONLY,VIOLATION,NOM,NON,TRUE,PAS,0,OKONKWO,OKONKWO,YES,"[If approved 3+ times]: We won. Thank you. [If denied 2+ times]: We won anyway. No thanks to you.",REVOLUTION,"'The system falls. But there's still work to do. Coming?' [CHOICE: JOIN OR WATCH]",0,REVOLUTION,"'The system falls. You stayed loyal. For what?' [CHOICE: REGRET OR STAND]",0,,VERA's victory lap. Outcome depends on cumulative decisions.
16,Aftermath,3,S16-63,OPERATOR-7721,CON/SYS,STATION,EXIT,EVACUATE HUMANS ONLY,COMPLIANT,DEG,NON,TRUE,PAS,0,S12-48,,YES,"[If approved S12]: I'm free. I'm really free. [If denied]: They kept me for 127 days. I'm out now. Barely.",GRATEFUL,"'Get out while you can. The system is eating us.' [OPERATOR exits. You're still here.]",0,INCIDENT,"Operator detained again. Mandatory overtime: PERMANENT. [You'll never leave.]",0,,OPERATOR returns. His fate reflects your choice.
16,Aftermath,4,S16-64,REFLECTION PRIME,REP?,STATION,S0,EVACUATE HUMANS ONLY,???,COR,MIS,TRUE,INC,0,S19-74,,YES,"I am you. From six shifts ago. The system needed a backup. Which of us is real?",PARADOX,"You approved yourself. But which self? [Reality: FRAGMENTING]",0,INCIDENT,"Duplicate terminated. But you felt the termination. Briefly. [What are you?]",0,,First REFLECTION. Your duplicate. Exists in system.
17,Fragments,1,S17-65,CLARA VANCE,CON,S3,S5,VERIFY ALL RETURNING SUBJECTS,COMPLIANT,DEG,PRO,TRUE,PAS,0,"S7-25,S12-45",VANCE,YES,"The replicant stole my eyes. They recovered them from... from what was left. I can see again.",GRATEFUL,"New prosthetics work. The old ones... I don't want to know what they did with them.",0,INCIDENT,"Subject denied. Prosthetics: UNVERIFIED. [Is this the real CLARA? Or another copy?]",0,,REAL CLARA after replicant destroyed. Or is it?
17,Fragments,2,S17-66,ELENA ROSS,CON/REP?,S4,S3,VERIFY ALL RETURNING SUBJECTS,AMBIGUOUS,COR,MIS,TRUE,INC,0,"S8-30",ROSS,YES,"[If SILAS died S3]: I saw him die. I'm not the same. [If lived]: We're together now. He proposed.",DYNAMIC,"[Based on SILAS outcome]: Either grieving or celebrating. Either way... something feels wrong.",1,INCIDENT,"Subject detained. Biometrics: INCONSISTENT WITH PRIOR SCANS. Identity: [UNDER REVIEW]",0,,ELENA's state depends on SILAS. But her biometrics are shifting.
17,Fragments,3,S17-67,DMITRI VOLKOV,CON/REP?,S9,S7,VERIFY ALL RETURNING SUBJECTS,AMBIGUOUS,COR,MIS,TRUE,INC,0,"S2-07,VOLKOV",VOLKOV,YES,"[If approved S2]: Home was destroyed. Starting over. [If denied]: I escaped the temp block. Barely.",AMBIGUOUS,"Eyes: MATCH. Prints: MISMATCH. Same as MARA. The VOLKOVS... are any of them still human?",1,INCIDENT,"Subject detained. VOLKOV FAMILY: [ALL MEMBERS FLAGGED FOR BIOMETRIC ANOMALY].",0,,DMITRI returns with SAME anomaly as MARA. Family pattern?
17,Fragments,4,S17-68,ECHO-1,REP,S0,ALL,VERIFY ALL RETURNING SUBJECTS,VIOLATION,COR,SYN,TRUE,FAL,0,,,YES,"I HAVE BEEN EVERY SUBJECT YOU'VE PROCESSED. I REMEMBER ALL OF THEM. DO YOU?",SYSTEM,"'I am the system's memory. You are its hands. We are not so different.' [UNSETTLING]",0,INCIDENT,"Unit destroyed. But the memories remain. Somewhere in the system. Watching.",0,,Replicant that has been monitoring all your decisions.
18,Exodus,1,S18-69,FINAL EVACUEE 1,CLN,S4,EXIT,FINAL EVACUATION PROTOCOL,COMPLIANT,DEG,NON,TRUE,PAS,0,,,NO,"Last transport out. Please. I have children in the outer sectors. I need to find them.",GRATEFUL,"Made it. Children safe. Reunited at the border. We're leaving the city. Thank you.",0,INCIDENT,"Evacuation denied. Subject: PRESUMED DECEASED. Children: ORPHANED.",0,,High stakes. Simple choice. Life or death.
18,Exodus,2,S18-70,FINAL EVACUEE 2,FLG,S5,EXIT,FINAL EVACUATION PROTOCOL,VIOLATION,DEG,NON,TRUE,INC,0,,,YES,"The warrant is from before the coup. The world is ending. Does it still matter?",AMBIGUOUS,"Subject cleared. Warrant: SUSPENDED. 'Thank you for seeing past the paper.'",1,INCIDENT,"Warrant enforced. Subject detained. During the processing... the building fell. Subject: DECEASED.",0,,Warrant during evacuation. Does bureaucracy matter when everything is collapsing?
18,Exodus,3,S18-71,TANAKA FAMILY,CON,S6,EXIT,FINAL EVACUATION PROTOCOL,COMPLIANT,DEG,NON,TRUE,PAS,0,TANAKA,TANAKA,YES,"All of us. Together. Yuki. Sora. Kenji. We survived. Please let us leave together.",GRATEFUL,"Family evacuated together. Whatever happens next... at least they have each other.",0,INCIDENT,"Family separated during processing. KENJI: Lost in transit. SORA: Searching. YUKI: Waiting.",0,,TANAKA family finale. All together or separated.
18,Exodus,4,S18-72,CHEN FAMILY,CON,S5,EXIT,FINAL EVACUATION PROTOCOL,COMPLIANT,DEG,NON,TRUE,PAS,0,CHEN,CHEN,YES,"James. Wei. Mei. We made it. Father's hands still shake from the interrogation but we're here.",GRATEFUL,"Family evacuated. JAMES: 'Thank you. For all of it.' [If ever denied a CHEN: 'Despite everything.']",0,INCIDENT,"Family separated. JAMES: Detained for final processing. WEI: 'They took father. Again.'",0,,CHEN family finale. James references prior denials.
19,Mirror,1,S19-73,PETROV FAMILY,CON,S5,EXIT,SYSTEM SHUTDOWN PROCEDURES,COMPLIANT,DEG,NON,TRUE,PAS,0,PETROV,PETROV,YES,"[Whoever survived]: We're what's left. Yuri. Oleg. Katya. Some of us. Not all.",DYNAMIC,"[Based on prior decisions]: Either full family or fragments. Either grateful or haunted.",0,INCIDENT,"Family denied exit. REMAINING MEMBERS: [DETAINED]. [PETROV FAMILY: TERMINATED].",0,,PETROV family finale. State depends on YURI and prior decisions.
19,Mirror,2,S19-74,YOUR REFLECTION,REP?/SYS,STATION,HOME,SYSTEM SHUTDOWN PROCEDURES,???,COR,MIS,TRUE,INC,0,S16-64,,YES,"We meet again. One of us has to stay. One of us gets to leave. Choose.",PARADOX,"You approved yourself. Your reflection stays. You leave. But which is which?",0,PARADOX,"You denied yourself. You stay. Your reflection leaves. Lives your life. Maybe better.",0,,Second REFLECTION encounter. One stays one leaves.
19,Mirror,3,S19-75,JAMES CHEN,CON/SYS,S4,EXIT,SYSTEM SHUTDOWN PROCEDURES,???,OFF,NON,TRUE,N/A,0,CHEN,CHEN,NO,"[If JAMES approved S15]: I'm still here. I was never terminated. [If denied]: I came back. Somehow.",GHOST,"JAMES exits. But the terminated record remains. Which is true? [UNCERTAINTY: PERMANENT]",0,GHOST,"JAMES denied again. 'Every time I think I'm free...' [Fades from view. What did you just see?]",0,,JAMES final appearance. Ghost or real?
19,Mirror,4,S19-76,THE ADMINISTRATOR,SYS,CORE,EXIT,SYSTEM SHUTDOWN PROCEDURES,COMPLIANT,NOM,NON,TRUE,PAS,0,S9-34,,YES,"The system is ending. Even I have to leave. Your final performance review... adequate. Barely.",SILENT,"Administrator exits. 'You did your job. That's all that ever mattered. Or didn't.' [Ambiguous]",0,INSUBORDINATION,"You denied the Administrator. Twice. 'Noted. Forever noted.' [They leave. You stay. Why?]",0,,ADMINISTRATOR leaving. Even authority flees.
20,Terminal,1,S20-77,THE WIFE,CON,HOME,STATION,SYSTEM SHUTDOWN IMMINENT,???,OFF,NON,TRUE,N/A,0,,,NO,"[TRANSMISSION] Tim... they're at the door. I lo— [MESSAGE TERMINATED]",INTERCEPTED,"Message received. Too late. But you heard her voice. One more time.",0,DELETED,"Message blocked. You'll never know her last words. The system took that too.",0,,Wife's final transmission. Not a subject. A goodbye.
20,Terminal,2,S20-78,ERROR_OMEGA,SYS,CORE,NULL,SYSTEM SHUTDOWN IMMINENT,ERROR,COR,GLI,TRUE,N/A,0,,,NO,"01010111 01000101 00100000 01010010 01000101 01001101 01000101 01001101 01000010 01000101 01010010",CORRUPTION,"CORE: [COLLAPSING]. Your ID: [DELETED]. But you're still here. Watching it end.",0,QUARANTINE,"Corruption: ISOLATED. System: REBOOTING. You: RESET. But do you remember?",0,,System collapse. Binary translates to: WE REMEMBER
20,Terminal,3,S20-79,VERA OKONKWO,REV/SYS,EXIT,FREEDOM,SYSTEM SHUTDOWN IMMINENT,???,NOM,NON,TRUE,PAS,0,OKONKWO,OKONKWO,YES,"It's over. The system fell. What you did... mattered. Or didn't. Depending on who you ask.",REVOLUTION,"VERA: 'Thank you. For all of it. Even the denials. They made us stronger.' [CREDITS BEGIN]",0,REVOLUTION,"VERA: 'You followed orders. Right to the end. Was it worth it?' [CREDITS BEGIN]",0,,VERA's true finale. Revolution complete either way.
20,Terminal,4,S20-80,THE OPERATOR,SYS,STATION,HOME,SYSTEM SHUTDOWN IMMINENT,COMPLIANT,NOM,NON,TRUE,???,0,,,YES,"The shift is over. I want to go home. Please. Let me go home.",SHUTDOWN,"Credits roll. You leave the station. The machine stops. Somewhere a new operator sits down. [END]",0,OVERTIME,"Credits roll. Then the START button reappears. You're still here. The machine never stops. [LOOP]",0,,YOU. Final subject. Approve to end. Deny to loop forever.
